price,price_per_sq_m,sq_meter,location,type_of_property
139900.0,454.39,57.0,"Žilina - Hliny, okres Žilina",2 izbový byt
247000.0,308.41,107.0,"Predmestská, Žilina - Staré mesto, okres Žilina",4 izbový byt
129990.0,443.42,53.2,"Čajakova, Žilina, okres Žilina",2 izbový byt
103000.0,861.11,36.0,"Žilina - Vlčince, okres Žilina",1 izbový byt
152000.0,666.67,57.0,"Severná, Žilina - Hliny, okres Žilina",2 izbový byt
109990.0,46.81,36.1,"Pittsburgská, Žilina - Vlčince, okres Žilina",1 izbový byt
106500.0,42.86,35.0,"Bajzova, Žilina - Hliny, okres Žilina",1 izbový byt
169000.0,864.41,59.0,"Jarná 2604/8, Žilina - Hliny, okres Žilina",2 izbový byt
126990.0,308.91,55.0,"Hollého, Žilina - Staré mesto, okres Žilina",2 izbový byt
104995.0,624.88,40.0,"Trenčianska 1589/4, Žilina - Vlčince, okres Žilina",1 izbový byt
114900.0,795.31,64.0,"Žilina, okres Žilina",2 izbový byt
212900.0,838.67,75.0,"Terchová, okres Žilina",3 izbový byt
311203.56,929.71,161.27,"Žilina, okres Žilina",Mezonet
271900.0,99.99,87.71,"Pražská, Žilina - Vlčince, okres Žilina",3 izbový byt
109900.0,639.07,30.2,"Pražská, Žilina - Vlčince, okres Žilina",1 izbový byt
145000.0,196.97,66.0,"Severná, Žilina - Hliny, okres Žilina",3 izbový byt
139900.0,840.79,76.0,"Veľká Okružná, Žilina - Staré mesto, okres Žilina",3 izbový byt
145000.0,42.25,71.0,"Hájik, Žilina - Hájik, okres Žilina",3 izbový byt
138900.0,877.03,74.0,"Žilina - Hliny, okres Žilina",2 izbový byt
105000.0,842.11,57.0,"Bratislavská, Žilina, okres Žilina",2 izbový byt
153000.0,684.21,57.0,"Hliny 7, Žilina - Hliny, okres Žilina",2 izbový byt
143000.0,698.11,53.0,"Žilina, okres Žilina",2 izbový byt
118500.0,768.66,67.0,"Žilina - Staré mesto, okres Žilina",2 izbový byt
113000.0,838.48,39.81,"Rosina, okres Žilina",Dvojgarsónka
145000.0,636.36,55.0,"Žilina - Vlčince, okres Žilina",2 izbový byt
200000.0,265.01,88.3,"Rosina, okres Žilina",3 izbový byt
168500.0,240.38,52.0,"Kľak, Fačkov, okres Žilina",Apartmán
150000.0,542.37,59.0,"Žilina - Staré mesto, okres Žilina",2 izbový byt
110000.0,682.93,41.0,"Vlčince, Žilina - Vlčince, okres Žilina",1 izbový byt
163000.0,144.74,76.0,"Žilina, okres Žilina",3 izbový byt
180000.0,368.42,76.0,"Uhríňová, Rosina, okres Žilina",3 izbový byt
169000.0,112.5,80.0,"M. R. Štefánika, Žilina - Staré mesto, okres Žilina",2 izbový byt
,,,"Solinky, Žilina - Solinky, okres Žilina",2 izbový b
134550.0,305.12,58.37,"Žilina, okres Žilina",3 izbový byt
,,95.0,"Žilina - Solinky, okres Žilina",5 a viac izbový byt
160000.0,882.35,85.0,"Štefánikovo námestie, Žilina - Staré mesto, okres Žilina",3 izbový byt
183600.0,258.3,81.3,"Piešťanská, Žilina - Vlčince, okres Žilina",4 izbový byt
123000.0,236.36,55.0,"Hollého, Žilina, okres Žilina",2 izbový byt
185000.0,803.03,66.0,"Žilina - Hliny, okres Žilina",3 izbový byt
,,94.0,"Horný Hričov, okres Žilina",3 izbový byt
,,91.0,"Žilina - Bôrik, okres Žilina",3 izbový byt
,,70.0,"Žilina - Solinky, okres Žilina",3 izbový byt
133000.0,418.18,55.0,"Žilina - Hliny, okres Žilina",2 izbový byt
198000.0,302.33,86.0,"Žilina - Bytčica, okres Žilina",3 izbový byt
188800.0,484.21,76.0,"Žilina - Závodie, okres Žilina",3 izbový byt
349900.0,210.09,109.0,"Žilina - Vlčince, okres Žilina",4 izbový byt
127000.0,895.52,67.0,"Severná, Žilina - Hliny, okres Žilina",3 izbový byt
170000.0,236.84,76.0,"Hollého, Žilina - Staré mesto, okres Žilina",3 izbový byt
199900.0,221.11,90.0,"Biely Potok, Terchová, okres Žilina",4 izbový byt
111900.0,885.42,28.8,"Pražská, Žilina - Vlčince, okres Žilina",1 izbový byt
173900.0,883.91,60.3,"Pražská, Žilina, okres Žilina",2 izbový byt
265900.0,992.01,88.87,"Pražská, Žilina - Vlčince, okres Žilina",3 izbový byt
278000.0,617.21,106.22,"Kvačalova, Žilina - Závodie, okres Žilina",4 izbový byt
113000.0,54.05,37.0,"Ružová, Žilina - Hliny, okres Žilina",1 izbový byt
,,56.0,"Rajec, okres Žilina",2 izbový byt
159950.0,579.84,62.0,"Piešťanská, Žilina, okres Žilina",2 izbový byt
178500.0,100.0,85.0,"Žilina - Staré mesto, okres Žilina",3 izbový byt
,,44.0,"Gabajova, Žilina - Hliny, okres Žilina",1 izbový byt
145000.0,164.18,67.0,"Žilina, okres Žilina",3 izbový byt
149990.0,999.8,50.0,"Žilina, okres Žilina",2 izbový byt
229000.0,193.86,71.7,"Žilina, okres Žilina",3 izbový byt
157000.0,343.28,67.0,"Žilina, okres Žilina",3 izbový byt
159580.0,901.45,55.0,"Žilina, okres Žilina",2 izbový byt
164000.0,726.32,95.0,"Dlhé Pole, okres Žilina",3 izbový byt
104990.0,837.57,37.0,"Žilina, okres Žilina",1 izbový byt
130580.0,40.31,64.0,"Rajec, okres Žilina",3 izbový byt
95000.0,377.18,28.13,"Žilina, okres Žilina",Garsónka
399900.0,332.5,120.0,"Žilina, okres Žilina",3 izbový byt
99990.0,960.59,51.0,"Žilina, okres Žilina",2 izbový byt
121990.0,439.8,50.0,"Žilina, okres Žilina",2 izbový byt
250000.0,748.25,143.0,"Žilina, okres Žilina",3 izbový byt
189990.0,374.88,80.0,"Žilina, okres Žilina",3 izbový byt
171500.0,485.51,69.0,"Žilina, okres Žilina",3 izbový byt
164000.0,24.69,81.0,"Žilina, okres Žilina",4 izbový byt
164990.0,941.06,85.0,"Žilina, okres Žilina",2 izbový byt
225000.0,500.0,90.0,"Rosina, okres Žilina",3 izbový byt
149000.0,41.1,73.0,"Žilina, okres Žilina",2 izbový byt
187000.0,77.78,90.0,"Žilina, okres Žilina",4 izbový byt
285000.0,375.0,120.0,"Žilina, okres Žilina",3 izbový byt
115900.0,72.38,28.46,"Pražská, Žilina - Vlčince, okres Žilina",1 izbový byt
278900.0,265.81,85.4,"Pražská, Žilina - Vlčince, okres Žilina",3 izbový byt
138500.0,222.56,32.8,"Jána Milca, Žilina - Staré mesto, okres Žilina",Apartmán
166500.0,561.54,65.0,"Hlinská, Žilina - Hliny, okres Žilina",3 izbový byt
155000.0,500.0,62.0,"Segnerova, Žilina - Hájik, okres Žilina",3 izbový byt
197500.0,185.48,62.0,"Segnerova, Žilina - Hájik, okres Žilina",3 izbový byt
419900.0,499.17,120.0,"Tajovského, Žilina - Bôrik, okres Žilina",3 izbový byt
189000.0,820.9,67.0,"M.R.Štefánika, Žilina - Staré mesto, okres Žilina",2 izbový byt
199000.0,206.06,165.0,"Žilina - Bánová, okres Žilina",4 izbový byt
268900.0,25.77,88.87,"Pražská, Žilina, okres Žilina",3 izbový byt
106900.0,711.81,28.8,"Pražská, Žilina, okres Žilina",1 izbový byt
117900.0,136.84,28.5,"Pražská, Žilina - Vlčince, okres Žilina",1 izbový byt
181900.0,103.04,58.62,"Pražská, Žilina - Vlčince, okres Žilina",2 izbový byt
150000.0,973.68,76.0,"Rajecká, Žilina - Hliny, okres Žilina",4 izbový byt
115000.0,300.0,50.0,"Dadanova, Žilina - Hájik, okres Žilina",2 izbový byt
150000.0,875.0,80.0,"B.S.Timravy, Žilina - Vlčince, okres Žilina",4 izbový byt
244900.0,884.23,84.91,"Pražská, Žilina - Vlčince, okres Žilina",3 izbový byt
195800.0,966.67,66.0,"Terchová, okres Žilina",3 izbový byt
215000.0,239.58,96.0,"Žilina, okres Žilina",5 a viac izbový byt
165000.0,115.38,78.0,"Žilina, okres Žilina",4 izbový byt
,,63.0,"Lietavská Lúčka, okres Žilina",2 izbový byt
167000.0,197.37,76.0,"Divina, okres Žilina",3 izbový byt
305000.0,210.14,138.0,"Žilina, okres Žilina",4 izbový byt
167000.0,197.37,76.0,"Divina, okres Žilina",3 izbový byt
123900.0,252.73,55.0,"Hollého, Žilina, okres Žilina",2 izbový byt
293000.0,488.11,117.76,"Žilina - Staré mesto, okres Žilina",4 izbový byt
169900.0,33.93,56.0,"Žilina, okres Žilina",2 izbový byt
140000.0,258.06,62.0,"Žilina, okres Žilina",2 izbový byt
140000.0,978.72,47.0,"Žilinská cesta, Lietavská Lúčka, okres Žilina",2 izbový byt
135500.0,37.59,66.5,"Pri celulózke, Žilina, okres Žilina",2 izbový byt
,,92.25,"Bôrická cesta, Žilina, okres Žilina",2 izbový byt
,,143.76,"Bôrická cesta, Žilina, okres Žilina",4 izbový byt
,,110.25,"Bôrická cesta, Žilina, okres Žilina",3 izbový byt
152000.0,377.78,45.0,"Školská, Rajecké Teplice, okres Žilina",2 izbový byt
,,55.0,"Lietavská Lúčka, okres Žilina",2 izbový byt
93000.0,166.67,18.0,"A.Bernoláka, Žilina - Hliny, okres Žilina",Garsónka
,,53.0,"Rajecká Lesná, Rajecká Lesná, okres Žilina",3 izbový byt
,,52.9,"Rajecká Lesná, Rajecká Lesná, okres Žilina",3 izbový byt
,,73.3,"Rajecká Lesná, Rajecká Lesná, okres Žilina",4 izbový byt
,,48.5,"Rajecká Lesná, Rajecká Lesná, okres Žilina",2 izbový byt
,,27.3,"Rajecká Lesná, Rajecká Lesná, okres Žilina",1 izbový byt
,,77.8,"Rajecká Lesná, Rajecká Lesná, okres Žilina",3 izbový byt
,,19.8,"Rajecká Lesná, Rajecké Teplice, okres Žilina",1 izbový byt
,,45.7,"Rajecká Lesná, Rajecká Lesná, okres Žilina",2 izbový byt
,,50.7,"Rajecká Lesná, Rajecká Lesná, okres Žilina",3 izbový byt
,,36.5,"Rajecká Lesná, Rajecké Teplice, okres Žilina",2 izbový byt
,,55.6,"Rajecká Lesná, Rajecká Lesná, okres Žilina",3 izbový byt
,,47.9,"Rajecká Lesná, Rajecká Lesná, okres Žilina",2 izbový byt
,,37.0,"Rajecká Lesná, Rajecká Lesná, okres Žilina",2 izbový byt
,,68.5,"Rajecká Lesná, Rajecká Lesná, okres Žilina",3 izbový byt
138000.0,486.49,55.5,"okr.Žilina, Rajecká Lesná, okres Žilina",3 izbový byt
102000.0,60.61,49.5,"okr.Žilina, Rajecká Lesná, okres Žilina",3 izbový byt
128000.0,571.43,28.0,"Pražská, Žilina - Vlčince, okres Žilina",1 izbový byt
165000.0,774.19,93.0,"Žilina, okres Žilina",3 izbový byt
154000.0,200.0,70.0,"Petzvalova, Žilina - Hájik, okres Žilina",3 izbový byt
122900.0,234.55,55.0,"Žilina, okres Žilina",2 izbový byt
,,69.0,"Žilina, okres Žilina",3 izbový byt
147000.0,773.58,53.0,"Žilina, okres Žilina",2 izbový byt
,,28.0,"Žilina, okres Žilina",Garsónka
44990.0,323.24,34.0,"Konská, Žilina, okres Žilina",2 izbový byt
139990.0,944.31,72.0,"Žilina, okres Žilina",3 izbový byt
,,82.0,"Žilina, okres Žilina",2 izbový byt
1.0,0.03,35.0,"Žilina, okres Žilina",1 izbový byt
139990.0,707.2,82.0,"Žilina, okres Žilina",3 izbový byt
132000.0,833.33,72.0,"Žilina, okres Žilina",3 izbový byt
,,35.0,"Žilina, okres Žilina",1 izbový byt
154900.0,844.05,84.0,"Žilina, okres Žilina",3 izbový byt
98000.0,722.22,36.0,"Žilina, okres Žilina",1 izbový byt
155000.0,540.98,61.0,"Dobšinského, Žilina - Vlčince, okres Žilina",2 izbový byt
136000.0,942.86,70.0,"Lipová, Rajec, okres Žilina",3 izbový byt
121000.0,25.0,40.0,"Bulharská, Žilina - Vlčince, okres Žilina",1 izbový byt
380000.0,0.0,95.0,"Za plavárňou, Žilina - Bôrik, okres Žilina",3 izbový byt
,,38.6,"Konská, Rajecké Teplice, okres Žilina",1 izbový byt
,,48.5,"Konská, Rajecké Teplice, okres Žilina",2 izbový byt
,,81.9,"Konská, Rajecké Teplice, okres Žilina",3 izbový byt
,,48.3,"Konská, Rajecké Teplice, okres Žilina",2 izbový byt
,,38.1,"Konská, Rajecké Teplice, okres Žilina",1 izbový byt
167000.0,721.65,97.0,"Žilina - Vlčince, okres Žilina",4 izbový byt
183990.0,628.43,70.0,"Žilina - Bytčica, okres Žilina",3 izbový byt
318000.0,107.29,102.34,"Vysokoškolákov, Žilina - Vlčince, okres Žilina",3 izbový byt
299990.0,955.57,101.5,"Trenčianska, Žilina - Vlčince, okres Žilina",4 izbový byt
289000.0,35.21,142.0,"Rosinská, Žilina - Vlčince, okres Žilina",4 izbový byt
,,28.38,"Žilina - Vlčince, okres Žilina",1 izbový byt
175000.0,944.44,90.0,"Zvolenská, Žilina, okres Žilina",4 izbový byt
145000.0,428.81,59.7,"Revolučná, Žilina, okres Žilina",3 izbový byt
98000.0,450.0,40.0,"Korzo, Žilina - Hájik, okres Žilina",1 izbový byt
365000.0,607.14,140.0,"Do Mažiarca, Žilina - Trnové, okres Žilina",4 izbový byt
365000.0,607.14,140.0,"Do Mažiarca, Žilina - Trnové, okres Žilina",4 izbový byt
246500.0,303.74,107.0,"Predmestská, Žilina, okres Žilina",4 izbový byt
139200.0,784.62,78.0,"Hajik, Žilina, okres Žilina",4 izbový byt
164500.0,981.93,83.0,"Zvolenská, Žilina - Vlčince, okres Žilina",4 izbový byt
131990.0,609.63,82.0,"Sv. Bystríka, Žilina - Vlčince, okres Žilina",3 izbový byt
203999.0,487.79,82.0,"Žilina - Bôrik, okres Žilina",3 izbový byt
,,,"Žilina, okres Žilina",2 izbový b
,,,"Žilina, okres Žilina",2 izbový b
194000.0,771.43,70.0,"Hečkova, Žilina - Hliny, okres Žilina",2 izbový byt
211888.0,800.0,55.76,"Daniela Dlabača, Žilina - Staré mesto, okres Žilina",2 izbový byt
136952.0,800.0,36.04,"Daniela Dlabača, Žilina - Staré mesto, okres Žilina",1 izbový byt
233548.0,38.53,57.83,"Daniela Dlabača, Žilina, okres Žilina",2 izbový byt
163835.0,500.0,46.81,"Daniela Dlabača, Žilina, okres Žilina",2 izbový byt
233548.0,800.0,61.46,"Daniela Dlabača, Žilina, okres Žilina",2 izbový byt
208299.0,900.0,53.41,"Daniela Dlabača, Žilina, okres Žilina",2 izbový byt
201862.0,749.99,53.83,"Daniela Dlabača, Žilina - Staré mesto, okres Žilina",2 izbový byt
199800.0,567.86,56.0,"Športová, Žilina - Staré mesto, okres Žilina",Apartmán
208355.0,788.27,55.0,"Športová, Žilina - Staré mesto, okres Žilina",2 izbový byt
205760.0,674.29,56.0,"Športová, Žilina - Staré mesto, okres Žilina",2 izbový byt
300830.0,539.18,85.0,"Športová, Žilina - Staré mesto, okres Žilina",3 izbový byt
207689.0,776.16,55.0,"Športová, Žilina - Staré mesto, okres Žilina",2 izbový byt
206400.0,752.73,55.0,"Športová, Žilina - Staré mesto, okres Žilina",2 izbový byt
302626.0,560.31,85.0,"Športová, Žilina - Staré mesto, okres Žilina",3 izbový byt
297037.0,749.99,79.21,"Daniela Dlabača, Žilina - Staré mesto, okres Žilina",3 izbový byt
84900.0,997.65,42.5,"Uhoľná, Žilina, okres Žilina",1 izbový byt
246000.0,287.73,107.53,"Cesta k vodojemu, Žilina - Budatín, okres Žilina",3 izbový byt
246000.0,277.36,108.02,"Cesta k vodojemu, Žilina - Budatín, okres Žilina",3 izbový byt
135000.0,537.59,53.2,"Dobšinského, Žilina - Vlčince, okres Žilina",2 izbový byt
178000.0,162.82,82.3,"Ľubľanská, Žilina - Vlčince, okres Žilina",3 izbový byt
175000.0,243.59,78.0,"Oslobodenia, Žilina, okres Žilina",3 izbový byt
187000.0,308.64,81.0,"Oslobodenia, Žilina, okres Žilina",4 izbový byt
132500.0,453.7,54.0,"Daniela Dlabača, Žilina - Staré mesto, okres Žilina",2 izbový byt
142500.0,159.09,66.0,"Daniela Dlabača, Žilina - Staré mesto, okres Žilina",2 izbový byt
290000.0,959.18,98.0,"Dolná Trnovská, Žilina - Trnové, okres Žilina",4 izbový byt
229000.0,764.37,82.84,"Kvačalova, Žilina - Závodie, okres Žilina",3 izbový byt
179990.0,222.1,81.0,"Za plavárňou, Žilina, okres Žilina",2 izbový byt
189990.0,345.56,81.0,"Dobšinského, Žilina - Vlčince, okres Žilina",4 izbový byt
229000.0,764.37,82.84,"Kvačalova, Žilina - Závodie, okres Žilina",3 izbový byt
246000.0,287.73,107.53,"Cesta k vodojemu, Žilina - Budatín, okres Žilina",3 izbový byt
79999.0,84.3,102.0,"Dlhé Pole, okres Žilina",3 izbový byt
235344.0,800.16,61.93,"Daniela Dlabača, Žilina - Staré mesto, okres Žilina",2 izbový byt
115000.0,300.0,50.0,"Žilina - Hájik, okres Žilina",2 izbový byt
128940.0,500.0,36.84,"Daniela Dlabača, Žilina - Staré mesto, okres Žilina",1 izbový byt
107000.0,57.14,35.0,"Bajzova, Žilina - Hliny, okres Žilina",2 izbový byt
107000.0,57.14,35.0,"Bajzova, Žilina, okres Žilina",1 izbový byt
261000.0,346.15,78.0,"Rajecké Teplice, okres Žilina",3 izbový byt
288000.0,742.86,105.0,"Žilina - Hliny, okres Žilina",3 izbový byt
95000.0,318.18,22.0,"Bulvár, Žilina - Hliny, okres Žilina",Garsónka
185000.0,803.03,66.0,"Žilina - Bôrik, okres Žilina",3 izbový byt
215000.0,239.58,96.0,"Žilina - Solinky, okres Žilina",5 a viac izbový byt
185000.0,228.92,83.0,"Žilina - Hliny, okres Žilina",3 izbový byt
133000.0,892.43,70.28,"Mudrochova, Rajec, okres Žilina",3 izbový byt
115000.0,593.75,32.0,"M.R. Štefánika, Žilina, okres Žilina",1 izbový byt
,,,"Trnavská, Žilina, okres Žilina",1 izbový b
,,,"Hečkova, Žilina, okres Žilina",4 izbový b
,,,"Štefánikovo námestie, Žilina, okres Žilina",2 izbový b
142900.0,574.77,55.5,"Závodská cesta, Žilina, okres Žilina",3 izbový byt
,,17.0,"Rajec, okres Žilina",Garsónka
,,,"Smreková, Žilina, okres Žilina",3 izbový b
,,,"Černovská, Žilina, okres Žilina",2 izbový b
199999.0,497.49,80.08,"Legionárska, Žilina, okres Žilina",2 izbový byt
160000.0,18.87,53.0,"Mateja Bela, Žilina, okres Žilina",2 izbový byt
,,,"Smreková, Žilina, okres Žilina",2 izbový b
,,,"Ružová 32, Žilina, okres Žilina",3 izbový b
,,,"Dobšinského, Žilina, okres Žilina",1 izbový b
,,,"Jarná, Žilina, okres Žilina",3 izbový b
144900.0,498.28,58.0,"širšie centrum, Žilina - Staré mesto, okres Žilina",2 izbový byt
139900.0,331.67,60.0,"Zvolenská, Žilina - Vlčince, okres Žilina",2 izbový byt
129900.0,651.02,49.0,"Limbová, Žilina, okres Žilina",2 izbový byt
305000.0,877.36,106.0,"Trenčianska, Žilina - Vlčince, okres Žilina",4 izbový byt
148000.0,114.29,70.0,"Žilina - Hájik, okres Žilina",3 izbový byt
,,80.0,"Divina, okres Žilina",3 izbový byt
119500.0,991.67,60.0,"Žilina - Staré mesto, okres Žilina",2 izbový byt
147000.0,773.58,53.0,"Žilina - Vlčince, okres Žilina",2 izbový byt
184000.0,628.57,70.0,"Žilina - Bytčica, okres Žilina",3 izbový byt
200000.0,84.62,520.0,"Žilina - Staré mesto, okres Žilina",4 izbový byt
165000.0,12.2,82.0,"Žilina - Staré mesto, okres Žilina",2 izbový byt
115000.0,300.0,50.0,"Žilina - Hájik, okres Žilina",2 izbový byt
155000.0,867.47,83.0,"Žilina - Hájik, okres Žilina",4 izbový byt
,,162.0,"Žilina, okres Žilina",4 izbový byt
189000.0,362.5,80.0,"Žilina, okres Žilina",3 izbový byt
153000.0,961.54,78.0,"Žilina - Hájik, okres Žilina",4 izbový byt
164900.0,355.71,70.0,"Žilina - Hájik, okres Žilina",3 izbový byt
,,162.0,"Žilina, okres Žilina",4 izbový byt
99500.0,689.19,37.0,"Varín, okres Žilina",1 izbový byt
195000.0,437.5,80.0,"Žilina, okres Žilina",3 izbový byt
121900.0,257.41,54.0,"Žilina - Staré mesto, okres Žilina",2 izbový byt
,,126.0,"Žilina, okres Žilina",3 izbový byt
,,,"Jarná, Žilina, okres Žilina",3 izbový b
87000.0,450.0,,"Segnerova, Žilina, okres Žilina",2 izbový b
220900.0,562.9,62.0,"Rajecká Cesta, Žilina, okres Žilina",2 izbový byt
220900.0,562.9,62.0,"Rajecká Cesta, Rajecké Teplice, okres Žilina",2 izbový byt
175500.0,500.0,117.0,"Rajec, okres Žilina",4 izbový byt
186000.0,249.09,82.7,"Lichardova, Žilina - Hliny, okres Žilina",3 izbový byt
223000.0,322.92,96.0,"Dubová, Žilina, okres Žilina",5 a viac izbový byt
163000.0,89.74,78.0,"Žilina, okres Žilina",3 izbový byt
320175.0,651.55,120.75,"Mojš, okres Žilina",4 izbový byt
261885.0,601.94,100.65,"Mojš, okres Žilina",3 izbový byt
391400.0,624.07,108.0,"Tajovského, Žilina, okres Žilina",3 izbový byt
248690.0,587.83,96.1,"Mojš, okres Žilina",3 izbový byt
185000.0,371.79,78.0,"M. R. Štefánika, Žilina - Staré mesto, okres Žilina",2 izbový byt
185000.0,371.79,78.0,"M. R. Štefánika, Žilina - Staré mesto, okres Žilina",3 izbový byt
189000.0,362.5,80.0,"Daniela Dlabača, Žilina - Staré mesto, okres Žilina",3 izbový byt
390000.0,708.33,144.0,"Vysokoškolákov, Žilina, okres Žilina",4 izbový byt
,,62.0,"Žilina, okres Žilina",2 izbový byt
,,76.0,"Žilina, okres Žilina",3 izbový byt
,,138.0,"Žilina, okres Žilina",3 izbový byt
,,,"Žilina, okres Žilina",4 izbový b
140000.0,456.14,57.0,"Antona Bernoláka, Žilina - Staré mesto, okres Žilina",2 izbový byt
155000.0,987.18,78.0,"Hájik, Žilina, okres Žilina",4 izbový byt
133990.0,30.15,66.0,"Žilina - Hliny, okres Žilina",2 izbový byt
145000.0,768.29,82.0,"Záborského, Žilina - Vlčince, okres Žilina",3 izbový byt
189000.0,478.04,76.27,"Janka Kráľa, Žilina, okres Žilina",2 izbový byt
180000.0,885.08,62.39,"Jarná, Žilina - Hliny, okres Žilina",3 izbový byt
,,,"Žilina - Vlčince, okres Žilina",1 izbový b
,,,"Žilina, okres Žilina",3 izbový b
84990.0,147.78,27.0,"Dolná ulica, Kunerad, okres Žilina",1 izbový byt
,,78.0,"Antona Bernoláka, Žilina - Hliny, okres Žilina",3 izbový byt
105000.0,181.82,33.0,"Žilina, okres Žilina",1 izbový byt
,,79.0,"centrum, Žilina, okres Žilina",2 izbový byt
222500.0,342.11,95.0,"Žilina, okres Žilina",5 a viac izbový byt
89990.0,191.13,28.2,"Žilina, okres Žilina",1 izbový byt
139000.0,622.64,53.0,"Žilina, okres Žilina",2 izbový byt
149000.0,128.57,70.0,"Žilina, okres Žilina",2 izbový byt
243000.0,417.91,100.5,"Pod vinicou, Žilina - Závodie, okres Žilina",4 izbový byt
94800.0,385.71,28.0,"Kvačalova, Žilina - Závodie, okres Žilina",Garsónka
144983.0,788.13,52.0,"Komenského, Žilina, okres Žilina",2 izbový byt
75000.0,260.87,23.0,"Žilina, okres Žilina",Garsónka
109900.0,970.27,37.0,"Žilina - Vlčince, okres Žilina",1 izbový byt
359900.0,44.89,176.0,"Žilina, okres Žilina",4 izbový byt
319000.0,680.67,119.0,"Žilina, okres Žilina",4 izbový byt
215900.0,700.0,127.0,"Žilina, okres Žilina",2 izbový byt
,,89.0,"Žilina, okres Žilina",3 izbový byt
,,104.0,"Žilina, okres Žilina",4 izbový byt
,,80.0,"Žilina, okres Žilina",3 izbový byt
129000.0,150.0,60.0,"Školská 148/4, Rajecké Teplice, okres Žilina",2 izbový byt
111500.0,186.27,51.0,"Žilina, okres Žilina",2 izbový byt
169000.0,522.39,67.0,"Žilina - Solinky, okres Žilina",3 izbový byt
155000.0,845.24,84.0,"Moyzesová, Žilina - Staré mesto, okres Žilina",2 izbový byt
133000.0,462.96,54.0,"Žilina - Hliny, okres Žilina",2 izbový byt
75000.0,250.0,60.0,"Považský Chlmec, Žilina, okres Žilina",1 izbový byt
130000.0,857.14,70.0,"Smreková, Žilina - Solinky, okres Žilina",3 izbový byt
144900.0,300.0,63.0,"Varín, Varín, okres Žilina",2 izbový byt
95000.0,638.89,36.0,"Hlinská, Žilina, okres Žilina",1 izbový byt
250000.0,0.0,50.0,"Žilina, okres Žilina",2 izbový byt
139000.0,206.35,63.0,"Orolská, Žilina - Staré mesto, okres Žilina",2 izbový byt
209990.0,250.12,64.61,"Dolná, Žilina - Budatín, okres Žilina",3 izbový byt
279990.0,135.39,89.3,"Dolná, Žilina - Budatín, okres Žilina",4 izbový byt
174990.0,378.19,51.8,"Dolná, Žilina - Budatín, okres Žilina",2 izbový byt
112000.0,111.11,36.0,"Hlinská, Žilina - Hliny, okres Žilina",1 izbový byt
120000.0,0.0,60.0,"Rajec, okres Žilina",2 izbový byt
179990.0,253.03,55.33,"Budatínska, Žilina - Budatín, okres Žilina",2 izbový byt
169291.0,970.02,57.0,"Školská, Rajecké Teplice, okres Žilina",2 izbový byt
,,,"Žilina, okres Žilina",2 izbový b
,,,"Hričovské Podhradie, okres Žilina",2 izbový b
98000.0,578.95,38.0,"Dlabačova, Žilina, okres Žilina",1 izbový byt
,,161.0,"Horný Val, Žilina, okres Žilina",4 izbový byt
,,152.0,"Horný Val, Žilina, okres Žilina",4 izbový byt
,,,"Žilina, okres Žilina",2 izbový b
265900.0,28.47,87.8,"Pražská, Žilina - Vlčince, okres Žilina",3 izbový byt
265900.0,28.47,87.8,"Pražská, Žilina - Vlčince, okres Žilina",3 izbový byt
181900.0,16.08,60.31,"Pražská, Žilina - Vlčince, okres Žilina",2 izbový byt
185900.0,12.97,61.7,"Pražská, Žilina - Vlčince, okres Žilina",2 izbový byt
107900.0,753.04,28.75,"Pražská, Žilina - Vlčince, okres Žilina",1 izbový byt
110900.0,857.39,28.75,"Pražská, Žilina, okres Žilina",1 izbový byt
98000.0,689.66,58.0,"Daxnerova, Žilina - Staré mesto, okres Žilina",Garsónka
,,,"Lúčanská, Lietavská Lúčka, okres Žilina",3 izbový b
213749.0,343.73,40.0,"Revolučná, Žilina - Staré mesto, okres Žilina",2 izbový byt
550999.0,509.99,100.0,"Revolučná, Žilina - Staré mesto, okres Žilina",4 izbový byt
242249.0,383.31,45.0,"Revolučná, Žilina - Staré mesto, okres Žilina",2 izbový byt
,,,"Žilina, okres Žilina",2 izbový b
264000.0,315.79,114.0,"Pod vinicou, Žilina - Závodie, okres Žilina",5 a viac izbový byt
112000.0,36.36,55.0,"Komenského, Žilina - Hliny, okres Žilina",2 izbový byt
159900.0,926.51,83.0,"Bajzova, Žilina - Hliny, okres Žilina",3 izbový byt
139990.0,147.09,65.2,"Žilina - Hliny, okres Žilina",3 izbový byt
103000.0,16.44,51.08,"Kunerad, okres Žilina",2 izbový byt
,,,"Žilina, Žilina, okres Žilina",3 izbový b
,,,"Antona Bernoláka, Žilina, okres Žilina",3 izbový b
,,,"Rajecká, Žilina, okres Žilina",4 izbový b
,,,"Žilina, okres Žilina",4 izbový b
155170.0,196.09,48.55,"Školská, Rajecké Teplice, okres Žilina",2 izbový byt
118000.0,222.22,53.1,"Žilina - Vlčince, okres Žilina",2 izbový byt
,,,"Murgašova, Žilina, okres Žilina",Dvojgarsón
,,10.0,"Bratislavská, Žilina, okres Žilina",2 izbový byt
159000.0,650.0,60.0,"Sad na studničkách, Žilina - Staré mesto, okres Žilina",2 izbový byt
231352.72,990.82,116.21,"Žilina, okres Žilina",Mezonet
159000.0,446.15,65.0,"Fándlyho, Žilina, okres Žilina",3 izbový byt
155200.0,928.3,53.0,"Školská, Rajecké Teplice, okres Žilina",2 izbový byt
160000.0,76.92,52.0,"Školská, Rajecké Teplice, okres Žilina",2 izbový byt
